{"stats":{"minecraft:picked_up":{"minecraft:bow":1,"minecraft:comparator":1,"minecraft:hay_block":25,"minecraft:white_bed":1,"minecraft:redstone":4},"minecraft:mined":{"minecraft:hay_block":25,"minecraft:white_bed":1,"minecraft:comparator":1,"minecraft:redstone_wire":4,"minecraft:oak_leaves":1},"minecraft:used":{"minecraft:iron_chestplate":1,"minecraft:firework_rocket":1,"minecraft:iron_helmet":1,"minecraft:iron_boots":1,"minecraft:iron_leggings":1},"minecraft:custom":{"minecraft:open_chest":2,"minecraft:time_since_rest":16719,"minecraft:crouch_one_cm":221,"minecraft:play_time":16719,"minecraft:interact_with_furnace":1,"minecraft:sprint_one_cm":19254,"minecraft:damage_taken":10,"minecraft:walk_one_cm":17534,"minecraft:sneak_time":204,"minecraft:walk_under_water_one_cm":108,"minecraft:jump":34,"minecraft:damage_dealt":0,"minecraft:interact_with_blast_furnace":1,"minecraft:leave_game":5,"minecraft:time_since_death":16719,"minecraft:walk_on_water_one_cm":753,"minecraft:climb_one_cm":1707,"minecraft:total_world_time":16719,"minecraft:swim_one_cm":482,"minecraft:fall_one_cm":544,"minecraft:fly_one_cm":5974,"minecraft:inspect_dispenser":1}},"DataVersion":3465}