{"stats":{"minecraft:custom":{"minecraft:jump":65,"minecraft:time_since_rest":3906,"minecraft:leave_game":1,"minecraft:sprint_one_cm":5143,"minecraft:play_time":3906,"minecraft:time_since_death":3906,"minecraft:walk_one_cm":2247,"minecraft:total_world_time":3906,"minecraft:fall_one_cm":2740,"minecraft:fly_one_cm":11213},"minecraft:mined":{"minecraft:grass":1,"minecraft:grass_block":8,"minecraft:dirt":1},"minecraft:used":{"minecraft:dirt":9},"minecraft:picked_up":{"minecraft:dirt":9}},"DataVersion":3465}